time,epoch,loss
58.40015819072723 min,0,3.219465494155884
