time,epoch,loss
1.0073155117034913 hr,0,1.477210283279419
3.8181976154115467 hr,2,1.902565121650696
3.929937177830272 hr,4,1.7956783771514893
21.155564924081165 min,4,0.807985246181488
