time,epoch,loss
1.0073155117034913 hr,0,1.477210283279419
2.119974363512463 hr,1,2.152325391769409
